{"cameraMode":{"drawMode":0,"name":"Shaded","section":"Shading Mode"},"sceneLighting":true,"audioPlay":false,"sceneViewState":{"showFog":true,"showMaterialUpdate":false,"showSkybox":true,"showFlares":true,"showImageEffects":true,"showParticleSystems":true,"showVisualEffectGraphs":true,"m_FxEnabled":true},"in2DMode":false,"pivot":{"x":7.470585823059082,"y":2.1149611473083498,"z":26.83453941345215},"rotation":{"x":0.03918907046318054,"y":0.07187212258577347,"z":-0.0030173547565937044,"w":0.9967300295829773},"size":39.771873474121097,"orthographic":false}